"filename", "language", "Go", "SQL", "Markdown", "Go Checksum File", "Properties", "Makefile", "Go Module File", "comment", "blank", "total"
"/Users/jasonzhang/TennisMoment/TennisMoment_backend/Makefile", "Makefile", 0, 0, 0, 0, 0, 8, 0, 0, 3, 11
"/Users/jasonzhang/TennisMoment/TennisMoment_backend/README.md", "Markdown", 0, 0, 2, 0, 0, 0, 0, 0, 1, 3
"/Users/jasonzhang/TennisMoment/TennisMoment_backend/app.properties", "Properties", 0, 0, 0, 0, 10, 0, 0, 0, 1, 11
"/Users/jasonzhang/TennisMoment/TennisMoment_backend/cmd/grpc/main.go", "Go", 5, 0, 0, 0, 0, 0, 0, 0, 3, 8
"/Users/jasonzhang/TennisMoment/TennisMoment_backend/cmd/web/main.go", "Go", 5, 0, 0, 0, 0, 0, 0, 0, 3, 8
"/Users/jasonzhang/TennisMoment/TennisMoment_backend/go.mod", "Go Module File", 0, 0, 0, 0, 0, 0, 60, 0, 4, 64
"/Users/jasonzhang/TennisMoment/TennisMoment_backend/go.sum", "Go Checksum File", 0, 0, 0, 1069, 0, 0, 0, 0, 1, 1070
"/Users/jasonzhang/TennisMoment/TennisMoment_backend/main 21.54.44.go", "Go", 10, 0, 0, 0, 0, 0, 0, 0, 3, 13
"/Users/jasonzhang/TennisMoment/TennisMoment_backend/package/cache/TennisMomentCache.go", "Go", 44, 0, 0, 0, 0, 0, 0, 5, 10, 59
"/Users/jasonzhang/TennisMoment/TennisMoment_backend/package/config/mysql.go", "Go", 40, 0, 0, 0, 0, 0, 0, 0, 5, 45
"/Users/jasonzhang/TennisMoment/TennisMoment_backend/package/config/redis.go", "Go", 14, 0, 0, 0, 0, 0, 0, 0, 5, 19
"/Users/jasonzhang/TennisMoment/TennisMoment_backend/package/config/web.go", "Go", 21, 0, 0, 0, 0, 0, 0, 0, 5, 26
"/Users/jasonzhang/TennisMoment/TennisMoment_backend/package/dao/impl/TMImpl.go", "Go", 772, 0, 0, 0, 0, 0, 0, 5, 126, 903
"/Users/jasonzhang/TennisMoment/TennisMoment_backend/package/middleware/middleware.go", "Go", 42, 0, 0, 0, 0, 0, 0, 28, 12, 82
"/Users/jasonzhang/TennisMoment/TennisMoment_backend/package/model/Address.go", "Go", 68, 0, 0, 0, 0, 0, 0, 32, 16, 116
"/Users/jasonzhang/TennisMoment/TennisMoment_backend/package/model/Bill.go", "Go", 49, 0, 0, 0, 0, 0, 0, 2, 11, 62
"/Users/jasonzhang/TennisMoment/TennisMoment_backend/package/model/Cart.go", "Go", 23, 0, 0, 0, 0, 0, 0, 1, 7, 31
"/Users/jasonzhang/TennisMoment/TennisMoment_backend/package/model/Club.go", "Go", 59, 0, 0, 0, 0, 0, 0, 2, 12, 73
"/Users/jasonzhang/TennisMoment/TennisMoment_backend/package/model/ClubEvent.go", "Go", 23, 0, 0, 0, 0, 0, 0, 1, 7, 31
"/Users/jasonzhang/TennisMoment/TennisMoment_backend/package/model/ClubManager.go", "Go", 23, 0, 0, 0, 0, 0, 0, 1, 7, 31
"/Users/jasonzhang/TennisMoment/TennisMoment_backend/package/model/ClubMember.go", "Go", 23, 0, 0, 0, 0, 0, 0, 1, 7, 31
"/Users/jasonzhang/TennisMoment/TennisMoment_backend/package/model/Commodity.go", "Go", 59, 0, 0, 0, 0, 0, 0, 2, 11, 72
"/Users/jasonzhang/TennisMoment/TennisMoment_backend/package/model/Event.go", "Go", 64, 0, 0, 0, 0, 0, 0, 2, 12, 78
"/Users/jasonzhang/TennisMoment/TennisMoment_backend/package/model/EventGame.go", "Go", 23, 0, 0, 0, 0, 0, 0, 1, 7, 31
"/Users/jasonzhang/TennisMoment/TennisMoment_backend/package/model/EventPlayer.go", "Go", 23, 0, 0, 0, 0, 0, 0, 1, 7, 31
"/Users/jasonzhang/TennisMoment/TennisMoment_backend/package/model/Game.go", "Go", 129, 0, 0, 0, 0, 0, 0, 2, 13, 144
"/Users/jasonzhang/TennisMoment/TennisMoment_backend/package/model/Order.go", "Go", 63, 0, 0, 0, 0, 0, 0, 32, 15, 110
"/Users/jasonzhang/TennisMoment/TennisMoment_backend/package/model/Player.go", "Go", 91, 0, 0, 0, 0, 0, 0, 2, 11, 104
"/Users/jasonzhang/TennisMoment/TennisMoment_backend/package/model/PlayerStats.go", "Go", 23, 0, 0, 0, 0, 0, 0, 1, 7, 31
"/Users/jasonzhang/TennisMoment/TennisMoment_backend/package/model/Relationship.go", "Go", 23, 0, 0, 0, 0, 0, 0, 1, 7, 31
"/Users/jasonzhang/TennisMoment/TennisMoment_backend/package/model/Schedule.go", "Go", 49, 0, 0, 0, 0, 0, 0, 2, 11, 62
"/Users/jasonzhang/TennisMoment/TennisMoment_backend/package/model/Stats.go", "Go", 75, 0, 0, 0, 0, 0, 0, 1, 7, 83
"/Users/jasonzhang/TennisMoment/TennisMoment_backend/package/model/User.go", "Go", 67, 0, 0, 0, 0, 0, 0, 1, 7, 75
"/Users/jasonzhang/TennisMoment/TennisMoment_backend/package/model/option.go", "Go", 45, 0, 0, 0, 0, 0, 0, 2, 11, 58
"/Users/jasonzhang/TennisMoment/TennisMoment_backend/package/rpc/TennisMoment.go", "Go", 20, 0, 0, 0, 0, 0, 0, 3, 4, 27
"/Users/jasonzhang/TennisMoment/TennisMoment_backend/package/rpc/client/GameClient.go", "Go", 33, 0, 0, 0, 0, 0, 0, 3, 6, 42
"/Users/jasonzhang/TennisMoment/TennisMoment_backend/package/rpc/client/PlayerClient.go", "Go", 33, 0, 0, 0, 0, 0, 0, 3, 6, 42
"/Users/jasonzhang/TennisMoment/TennisMoment_backend/package/rpc/client/StatsClient.go", "Go", 1, 0, 0, 0, 0, 0, 0, 35, 6, 42
"/Users/jasonzhang/TennisMoment/TennisMoment_backend/package/rpc/impl/TennisMoment.go", "Go", 104, 0, 0, 0, 0, 0, 0, 11, 12, 127
"/Users/jasonzhang/TennisMoment/TennisMoment_backend/package/utils/IntMatrix.go", "Go", 170, 0, 0, 0, 0, 0, 0, 9, 32, 211
"/Users/jasonzhang/TennisMoment/TennisMoment_backend/package/utils/md5.go", "Go", 28, 0, 0, 0, 0, 0, 0, 0, 4, 32
"/Users/jasonzhang/TennisMoment/TennisMoment_backend/package/utils/time.go", "Go", 19, 0, 0, 0, 0, 0, 0, 4, 6, 29
"/Users/jasonzhang/TennisMoment/TennisMoment_backend/package/web/auth/auth.go", "Go", 83, 0, 0, 0, 0, 0, 0, 3, 15, 101
"/Users/jasonzhang/TennisMoment/TennisMoment_backend/package/web/controller/TennisMomentControllerImpl.go", "Go", 340, 0, 0, 0, 0, 0, 0, 17, 91, 448
"/Users/jasonzhang/TennisMoment/TennisMoment_backend/package/web/interceptor/interceptor.go", "Go", 23, 0, 0, 0, 0, 0, 0, 11, 4, 38
"/Users/jasonzhang/TennisMoment/TennisMoment_backend/package/web/router.go", "Go", 76, 0, 0, 0, 0, 0, 0, 18, 16, 110
"/Users/jasonzhang/TennisMoment/TennisMoment_backend/proto/Game.pb.go", "Go", 283, 0, 0, 0, 0, 0, 0, 303, 69, 655
"/Users/jasonzhang/TennisMoment/TennisMoment_backend/proto/Player.pb.go", "Go", 560, 0, 0, 0, 0, 0, 0, 47, 71, 678
"/Users/jasonzhang/TennisMoment/TennisMoment_backend/proto/Stats.pb.go", "Go", 1, 0, 0, 0, 0, 0, 0, 590, 68, 659
"/Users/jasonzhang/TennisMoment/TennisMoment_backend/tennismoment_app.sql", "SQL", 0, 195, 0, 0, 0, 0, 0, 1, 18, 214
"/Users/jasonzhang/TennisMoment/TennisMoment_backend/test/TennisMoment_test.go", "Go", 1, 0, 0, 0, 0, 0, 0, 0, 1, 2
"/Users/jasonzhang/TennisMoment/TennisMoment_backend/test/app.properties", "Properties", 0, 0, 0, 0, 10, 0, 0, 0, 1, 11
"/Users/jasonzhang/TennisMoment/TennisMoment_backend/test/auth_test.go", "Go", 8, 0, 0, 0, 0, 0, 0, 0, 4, 12
"/Users/jasonzhang/TennisMoment/TennisMoment_backend/test/role_test.go", "Go", 1, 0, 0, 0, 0, 0, 0, 13, 4, 18
"/Users/jasonzhang/TennisMoment/TennisMoment_backend/test/time_test.go", "Go", 14, 0, 0, 0, 0, 0, 0, 0, 6, 20
"/Users/jasonzhang/TennisMoment/TennisMoment_backend/test/user_test.go", "Go", 1, 0, 0, 0, 0, 0, 0, 10, 6, 17
"Total", "-", 3754, 195, 2, 1069, 20, 8, 60, 1209, 825, 7142